user_id,username,first_name,joined_date,balance,reputation,total_spent,negative_balance,last_bonus,last_theft_time,theft_attempts,theft_success,theft_failed,theft_protected,casino_wins,casino_losses,guess_wins,guess_losses,game_wins,exp,level,strength,agility,defense,last_gift_time,gift_count_today,global_authority,multiplayer_wins,multiplayer_losses,smuggle_goods,smuggle_success,smuggle_fail
704091263,dullcat,ğŸ¥¥,2026-02-18 07:12:19,1,0,0,0,2026-02-18 07:12:33,2026-02-18 12:19:10,1,0,1,1,0,0,0,0,0,0,1,1,1,1,,0,0,0,0,0,0,0
813875383,MaksimYavins,ĞœĞ°ĞºÑĞ¸Ğ¼,2026-02-18 00:54:40,2,2,0,0,2026-02-18 00:55:05,2026-02-18 06:41:33,3,0,3,0,0,2,1,0,0,0,1,1,1,1,,0,0,0,0,0,0,0
824333874,siqwb,è¨€ # ã€ğŸ§ğŸ«ğŸ«á­„#Ğ³á¥±Ñ€á¦—iĞ½á§ #á¥´á§˜á¥²Ğ´Îº ã€á¶ ^_- â€˜â€™ Ë¢á¶¦á¶Ê·áµ‡ ã…¤ã…¤ãâ ã‚³â :â å½¡,2026-02-17 13:45:08,184,1,0,0,2026-02-19 21:03:49,2026-02-19 21:03:47,13,3,10,2,0,2,0,0,0,2,1,1,1,1,,0,0,0,0,0,0,0
1209107746,Malinka6471,Ğ˜Ğ½Ğ½Ğ°,2026-02-17 13:47:04,32,7,0,0,2026-02-19 19:52:10,2026-02-19 19:52:15,17,4,13,2,12,36,0,3,0,89,2,2,2,2,,0,0,0,0,0,0,0
1321533992,blubzzy,Capusta,2026-02-17 17:46:21,112,0,0,0,2026-02-17 17:47:11,2026-02-18 13:31:37,3,1,2,2,0,3,0,0,0,0,1,1,1,1,,0,0,0,0,0,0,0
1372633668,hanchikchik,Ğ¥Ğ½Ñ Ğ”Ğ¶Ğ¸ÑĞ½Ñ#Ë¢áµ‰áµ’á¶°áµáµá¶¦á¶°Ë¢áµá¶ ,2026-02-17 16:15:16,42,1,205,0,2026-02-19 05:34:27,2026-02-19 11:55:00,17,3,14,2,1,3,0,2,0,17,1,1,1,1,,0,0,0,0,0,0,0
1429368531,xqqqqw,ÑĞµÑ€Ğ³ĞµĞµĞ²Ğ½Ğ°,2026-02-19 14:51:18,0,0,0,0,2026-02-19 14:51:38,2026-02-19 14:52:13,1,0,1,0,1,2,0,2,0,7,1,1,1,1,,0,0,0,0,0,0,0
1431160671,,73,2026-02-17 13:41:34,0,0,0,0,,,0,0,0,0,0,0,0,0,0,0,1,1,1,1,,0,0,0,0,0,0,0
1471278201,,ï¸ ï¸ ï¸ ï¸Â á… ,2026-02-17 15:39:34,16,0,0,0,2026-02-17 15:40:51,,0,0,0,1,0,0,0,0,0,0,1,1,1,1,,0,0,0,0,0,0,0
1550714961,Candy_0173,Candy,2026-02-17 14:04:59,407,1,0,0,2026-02-20 07:05:51,2026-02-20 05:55:20,14,1,13,5,0,2,0,0,0,27,1,1,1,1,,0,0,0,0,0,0,0
1616765351,adelyyyq,Ğ°,2026-02-17 13:42:26,140,1,30,0,2026-02-17 16:57:24,2026-02-18 19:32:55,8,0,8,1,1,6,1,5,0,0,1,1,1,1,,0,0,0,0,0,0,0
1621403076,Urtaurta,.,2026-02-18 12:01:13,0,0,0,0,2026-02-18 12:01:27,2026-02-18 12:03:29,1,0,1,0,1,8,0,0,0,0,1,1,1,1,,0,0,0,0,0,0,0
1627727512,Bylypai,Ser,2026-02-17 14:22:46,0,0,0,0,2026-02-18 19:20:44,2026-02-18 22:32:19,3,1,2,4,0,5,0,0,0,0,1,1,1,1,,0,0,0,0,0,0,0
1646158238,sonwilz00,sonwilz,2026-02-17 13:40:48,218,1,0,0,2026-02-17 13:41:59,2026-02-18 09:57:50,4,0,4,4,1,2,0,1,0,0,1,1,1,1,,0,0,0,0,0,0,0
1702849455,Vodka173,ğ•¿ğ–ğ–Š ğ–ˆğ–”ğ–‘ğ–‰ ğ–’ğ–†ğ–“,2026-02-17 14:13:52,0,0,0,0,2026-02-19 10:23:21,2026-02-19 12:03:28,7,2,5,2,3,5,0,1,0,31,1,1,1,1,,0,0,0,0,0,0,0
1707825630,Bshidow,vlad,2026-02-18 04:35:32,43,0,0,0,2026-02-18 06:46:07,2026-02-18 06:46:20,1,0,1,1,0,0,0,0,0,0,1,1,1,1,,0,0,0,0,0,0,0
1736314201,beluga_111,Beluga,2026-02-17 19:58:08,8,0,0,0,,,0,0,0,2,0,0,0,0,0,0,1,1,1,1,,0,0,0,0,0,0,0
1754106588,RHracer2013,ĞœĞ¸Ñ€Ğ¾ÑĞ»Ğ°Ğ²,2026-02-19 13:52:13,0,0,0,0,,2026-02-19 21:19:38,3,1,2,0,0,2,0,0,0,10,1,1,1,1,,0,0,0,0,0,0,0
1853592804,Kr1stallux,.,2026-02-17 15:21:43,0,2,0,0,2026-02-19 08:07:44,2026-02-18 09:46:14,5,0,5,1,0,4,2,1,0,1,1,1,1,1,,0,0,0,0,0,0,0
1893488894,damoig0,Ğ´,2026-02-18 13:08:55,4,0,50,0,2026-02-18 13:09:29,2026-02-19 12:01:12,1,0,1,1,0,0,0,0,0,7,1,1,1,1,,0,0,0,0,0,0,0
2059348635,Feiloong457,Feiloong,2026-02-18 11:57:30,4,0,0,0,2026-02-18 11:57:44,,0,0,0,1,0,1,0,0,0,0,1,1,1,1,,0,0,0,0,0,0,0
2085570039,llinnl73,Ğ¿Ğ¾Ğ»Ğ¸Ğ½Ğ°Ğ²Ğ²,2026-02-17 14:22:29,19,1,205,0,2026-02-19 14:48:21,2026-02-19 14:48:28,12,2,10,2,1,3,0,3,0,5,1,1,1,1,,0,0,0,0,0,0,0
5024336820,khoroshilov_s,Khoroshilov,2026-02-18 04:25:30,0,1,0,0,2026-02-18 04:25:51,2026-02-18 04:26:24,1,0,1,0,1,5,0,1,0,0,1,1,1,1,,0,0,0,0,0,0,0
5027708154,Igla9715,ğ’ğšğ,2026-02-17 13:49:45,0,0,0,0,2026-02-17 13:50:28,2026-02-17 16:33:48,3,0,3,2,6,13,0,0,0,0,1,1,1,1,,0,0,0,0,0,0,0
5036346056,Sokol_1_6_3,~sokol~,2026-02-18 04:11:44,4,0,0,0,,2026-02-18 04:12:13,1,0,1,1,0,0,0,0,0,0,1,1,1,1,,0,0,0,0,0,0,0
5106810465,nps_krevetka,âœŸâ˜¢â™±,2026-02-17 17:23:14,202,1,0,0,2026-02-18 17:38:15,2026-02-20 07:03:21,26,5,21,0,1,6,0,3,0,22,1,1,1,1,,0,1,0,0,0,0,0
5121193645,Maxx0110,MaximT_1,2026-02-17 14:47:58,0,5,0,0,2026-02-18 18:56:43,2026-02-19 10:21:32,13,1,12,4,5,18,4,16,0,2,1,1,1,1,,0,0,0,0,0,0,0
5154347387,wqiwy,purrwq``ğŸª½,2026-02-17 16:14:21,107,0,0,0,,,0,0,0,2,0,0,0,0,0,0,1,1,1,1,,0,0,0,0,0,0,0
5198828329,MR_XLEBB,MRXLEB,2026-02-19 15:06:41,0,0,0,0,,,0,0,0,0,0,0,0,0,0,0,1,1,1,1,,0,0,0,0,0,0,0
5282771735,ofzer1,ĞÑ€Ñ‚ÑƒÑ€,2026-02-17 13:40:46,100,2,0,0,2026-02-18 20:37:50,2026-02-18 08:23:59,9,1,8,6,1,9,1,2,0,36,1,1,1,1,,0,0,0,0,0,0,0
5338004014,,ğ™¤ğ™¢ğ™ğ™­ğ™­#legenda#nepoĞ²edÎ¹Ğ¼#boo,2026-02-17 13:50:30,56,2,0,0,2026-02-18 19:05:50,2026-02-19 13:51:41,3,1,2,2,4,12,1,2,0,0,1,1,1,1,,0,0,0,0,0,0,0
5341732180,Sharlatanische,Franchesko,2026-02-18 12:01:43,0,0,0,0,,,0,0,0,0,0,0,0,0,0,0,1,1,1,1,,0,0,0,0,0,0,0
5456404341,livolls_1,ï¸,2026-02-17 13:46:07,12,1,235,0,2026-02-20 00:13:06,2026-02-20 00:12:41,16,3,13,0,4,9,0,13,0,24,1,1,1,1,,0,0,0,0,0,0,0
5470087180,yrabyrara,"nerd ,",2026-02-18 12:06:21,4,0,0,0,,,0,0,0,1,0,0,0,0,0,5,1,1,1,1,,0,0,0,0,0,0,0
5554172708,quiethaww,quiethaww,2026-02-17 20:18:10,195,0,0,0,2026-02-18 20:53:54,2026-02-19 21:17:40,14,6,8,3,9,24,0,4,0,80,1,1,1,1,,0,0,0,0,0,0,0
5556397958,zwzwzw910,ï¸,2026-02-18 12:08:30,4,0,0,0,,,0,0,0,1,0,0,0,0,0,5,1,1,1,1,,0,0,0,0,0,0,0
5584182237,Zoroblan,Zoro | Zora,2026-02-19 14:44:23,0,0,0,0,2026-02-19 14:44:31,,0,0,0,0,1,0,0,0,0,5,1,1,1,1,,0,0,0,0,0,0,0
5601271304,woo00san,ğ’ğ“ªğ“¶ğ“®ğ“µğ“µğ“²ğ“ªâ£âšš,2026-02-17 20:05:36,96,0,0,0,2026-02-17 20:17:11,2026-02-18 18:30:03,3,1,2,0,0,0,0,1,0,0,1,1,1,1,,0,0,0,0,0,0,0
5605471629,Prostokira987,ĞĞ»ÑŒ Ğ¥Ğ°ÑĞ°Ğ½Ğ¾Ğ²Ğ°,2026-02-17 16:59:53,8,0,205,0,,,0,0,0,2,2,1,0,0,0,5,1,1,1,1,,0,0,0,0,0,0,0
5638502281,SimaginSS,.,2026-02-17 13:41:56,53,1,0,0,2026-02-19 14:18:02,2026-02-19 14:17:56,4,0,4,0,0,0,0,1,0,0,1,1,1,1,,0,0,0,0,0,0,0
5649368995,MERSEYtelega,Ğ’Ğ»Ğ°Ğ´,2026-02-17 16:36:22,83,0,0,0,2026-02-19 20:33:25,2026-02-17 17:18:07,2,0,2,0,0,0,0,0,0,0,1,1,1,1,,0,0,0,0,0,0,0
5672926994,KirliX,KirlliX,2026-02-18 12:03:26,0,0,0,0,2026-02-18 12:03:59,,0,0,0,0,0,0,0,0,0,0,1,1,1,1,,0,0,0,0,0,0,0
5677981548,sergo75915,Ğ¡ĞµÑ€Ğ³Ğ¾,2026-02-18 04:57:55,0,0,0,0,2026-02-18 04:58:05,2026-02-18 04:58:51,1,0,1,0,1,1,0,1,0,0,1,1,1,1,,0,0,0,0,0,0,0
5731429713,,Ğ’Ğ»Ğ°Ğ´Ğ¸Ğ¼Ğ¸Ñ€,2026-02-18 11:59:48,0,0,0,0,2026-02-18 12:00:03,2026-02-18 12:01:00,1,0,1,1,1,2,0,0,0,0,1,1,1,1,,0,0,0,0,0,0,0
5748942157,Superstarrr14,(...),2026-02-17 14:03:46,14,1,0,0,2026-02-19 21:12:49,2026-02-19 14:15:54,6,0,6,2,10,38,1,5,0,0,1,1,1,1,,0,0,0,0,0,0,0
5838757110,ABCTRIYCKIY_XYDOZHIK,ğŸ˜®â€ğŸ’¨ã‹¡ĞŸã„–Ğ¿å‚ ã„’Ğ¸Òœå‚ğŸ˜®â€ğŸ’¨ã‹¡,2026-02-17 13:43:39,15,1,0,0,2026-02-19 22:54:40,2026-02-20 00:31:52,47,7,40,2,0,6,0,1,0,34,1,1,1,1,,0,0,0,0,0,0,0
5851463646,darluvr,ğ’Ÿ,2026-02-17 16:17:44,81,0,0,0,2026-02-17 16:17:52,2026-02-17 16:18:29,1,0,1,4,0,0,0,0,0,0,1,1,1,1,,0,0,0,0,0,0,0
5855621340,oxbue,Ëšâ‹† â‹…Ã—Ëš.â‚Šâ€§ğ˜€ğ—µğ˜‚ğ—»â€§â‚Š.ËšÃ—â‹… â‹†Ëš #ğŸ’:ğŸ‘ğŸ,2026-02-18 05:27:57,0,0,0,0,,,0,0,0,1,0,0,0,0,0,0,1,1,1,1,,0,0,0,0,0,0,0
5915856408,captain_duck141,ĞšĞ°Ğ¿Ğ¸Ñ‚Ğ°Ğ½,2026-02-17 18:10:45,31,2,0,0,2026-02-18 11:45:31,2026-02-18 11:46:27,1,0,1,2,0,2,1,0,0,0,1,1,1,1,,0,0,0,0,0,0,0
5955174022,xuwwi,ğ’«ğ“‡ğ’¾ğ“ƒğ’¸â„¯ğ“ˆğ“ˆğŸª½,2026-02-17 13:41:23,136,0,0,0,2026-02-19 20:30:41,2026-02-19 20:30:46,12,3,9,3,0,1,0,2,0,15,1,1,1,1,,0,0,0,0,0,0,0
5994518093,Ribak_14,Ğ“ê¤€ê¤…ê¤Œ æ¼å¸«,2026-02-17 13:40:54,107,1,70,0,2026-02-18 18:28:39,2026-02-19 15:11:09,10,2,8,1,2,2,1,0,0,2,1,1,1,1,,0,0,0,0,0,0,0
6066563107,Egor_walter_36,Ğ•Ğ³Ğ¾Ñ€,2026-02-18 11:59:14,0,1,0,0,,2026-02-18 12:00:18,1,0,1,0,0,4,0,0,0,0,1,1,1,1,,0,0,0,0,0,0,0
6108455707,Artem_m55566,artem Murtazin,2026-02-17 15:25:35,22,7,710,0,2026-02-20 07:05:41,2026-02-19 19:49:37,34,8,26,1,1,3,0,4,0,27,2,2,2,2,,0,0,0,0,0,0,0
6155000505,Versterqq,verster,2026-02-18 11:57:17,0,0,0,0,2026-02-18 11:57:31,2026-02-18 11:58:04,1,1,0,0,0,3,0,0,0,0,1,1,1,1,,0,0,0,0,0,0,0
6193909383,onlywinch1k,ğğŸ‘ğŸ’ğ­ğ¡ğ¥ğŸğœğ¤ğŸ‘ğ«.,2026-02-18 12:06:09,0,0,0,0,2026-02-18 12:07:52,,0,0,0,0,1,5,0,0,0,0,1,1,1,1,,0,0,0,0,0,0,0
6204018963,shibaVshube,VAC,2026-02-17 14:47:02,138,1,0,0,2026-02-18 06:58:12,2026-02-18 22:44:25,7,3,4,3,0,0,0,0,0,0,1,1,1,1,,0,0,0,0,0,0,0
6206379048,Lofinpl,.|\\]]Ã·âˆ†~,2026-02-18 09:14:31,14,0,0,0,2026-02-19 13:32:19,,0,0,0,2,0,0,0,0,0,10,1,1,1,1,,0,0,0,0,0,0,0
6253490148,Perdoshvilya,Dc. ğ™¿ğšğš›ğšğš˜ğšœğš‘ğšŸğš’ğš•ğš¢ğšŠ SCP-â–ˆâ–ˆâ–ˆ,2026-02-17 19:51:13,0,0,0,0,,,0,0,0,0,0,0,0,2,0,0,1,1,1,1,,0,0,0,0,0,0,0
6300817374,Anuta2387,ĞĞ½Ğ½Ğ°,2026-02-17 22:51:38,4,0,0,0,2026-02-17 22:52:06,2026-02-17 22:52:36,1,0,1,1,2,3,0,0,0,0,1,1,1,1,,0,0,0,0,0,0,0
6314169831,oganww,ã…¤ã…¤ã…¤ã…¤,2026-02-17 15:53:28,200,1,0,0,2026-02-18 18:26:35,2026-02-18 19:17:11,12,1,11,0,0,5,0,0,0,0,1,1,1,1,,0,0,0,0,0,0,0
6331578572,Prosta_tot,__ÃƒÅ”Å¦__,2026-02-18 11:56:34,5,0,0,0,2026-02-18 11:58:42,2026-02-18 11:58:26,1,0,1,0,0,2,0,0,0,0,1,1,1,1,,0,0,0,0,0,0,0
6349885029,otmena7990,â“‚â“â“šâ“¢â“˜â“œ,2026-02-18 05:02:55,0,1,0,0,2026-02-18 05:03:53,2026-02-18 09:04:23,2,0,2,1,0,1,0,0,0,0,1,1,1,1,,0,0,0,0,0,0,0
6376264924,maaaamba_man,Lakel,2026-02-18 04:12:02,0,0,0,0,,,0,0,0,0,0,0,0,0,0,0,1,1,1,1,,0,0,0,0,0,0,0
6387559475,happydan73,hdd,2026-02-17 13:59:00,38,1,0,0,2026-02-18 06:46:28,2026-02-18 14:53:14,4,0,4,3,0,0,0,0,0,5,1,1,1,1,,0,0,0,0,0,0,0
6418744165,itz_new1z,#Ğ Ğ¾Ğ¼Ñ‡Ğ¸Ğº | Ğ±Ñ‹Ğ»(Ğ°) Ğ½ĞµĞ´Ğ°Ğ²Ğ½Ğ¾,2026-02-17 13:58:41,14,0,0,0,2026-02-19 11:56:07,2026-02-19 11:56:12,7,1,6,5,0,2,0,0,0,2,1,1,1,1,,0,0,0,0,0,0,0
6429898400,window65,Ñ„Ñ€Ğ¾Ğ½Ğ¸,2026-02-17 19:50:45,10,0,0,0,2026-02-17 19:50:48,2026-02-17 19:51:42,1,1,0,0,0,1,0,1,0,0,1,1,1,1,,0,0,0,0,0,0,0
6431398608,BMW_kasper,ãƒ„ ğ™ºğšŠğšœğš™ğšğš› ğŸ‡«ğŸ‡·,2026-02-18 12:31:42,0,0,0,0,2026-02-18 12:31:45,2026-02-18 12:31:54,1,0,1,0,0,0,0,0,0,0,1,1,1,1,,0,0,0,0,0,0,0
6447073931,xavmx1,á…  ï¸ ï¸ ï¸ ï¸Â á…  ï¸ ï¸,2026-02-17 13:49:52,206,0,0,0,2026-02-17 13:51:42,,0,0,0,2,2,0,0,1,0,5,1,1,1,1,,0,0,0,0,0,0,0
6473745540,Banshee949,Ğ®Ğ»Ğ¸Ñ,2026-02-18 00:41:00,0,0,0,0,,,0,0,0,0,0,0,0,0,0,0,1,1,1,1,,0,0,0,0,0,0,0
6485026825,V1ttorino,åˆ˜â•¹ğ‘¯ğ’Šğ’ğ’‚ğ’‡ğ’Š ËŠ ğ“² à¼ ğŸ° #ğ‘«ğ’†ğ’Œğ’—ğ’‚ğ‘­ğ’‚ğ’,2026-02-17 13:41:03,392,2,0,0,2026-02-18 18:08:29,2026-02-19 20:31:28,26,5,21,2,1,10,1,5,0,40,1,1,1,1,,0,3,0,0,0,0,0
6509127298,ArCedik,Artem,2026-02-17 13:44:41,123,0,0,0,2026-02-19 14:19:08,2026-02-19 14:18:58,6,2,4,3,1,6,0,1,0,0,1,1,1,1,,0,0,0,0,0,0,0
6511145790,yas1nsuk1,#Ğ»Ğ¸Ñ‚Ğ²Ğ¸ĞºÑ#yas1nsuk1 || garant 2%,2026-02-17 21:15:17,16,0,0,0,2026-02-17 21:15:21,2026-02-18 06:04:02,2,1,1,2,0,1,0,0,0,0,1,1,1,1,,0,0,0,0,0,0,0
6525140403,NexbalD,Ñ‡á´‡á´§Ğ¾Ê™á´‡kk,2026-02-17 13:49:57,4,2,0,0,2026-02-17 13:50:02,2026-02-18 11:44:53,3,0,3,4,4,10,1,2,0,5,1,1,1,1,,0,0,0,0,0,0,0
6528953681,vazbb,AntifrizĞµ Ú¯Ø¬Ù„Ùˆï¸ ï¸ ï¸ ï¸ ï¸ ï¸ ï¸ ï¸ ï¸ ï¸,2026-02-17 14:22:45,115,0,0,0,2026-02-18 09:03:05,2026-02-19 13:52:11,7,1,6,2,2,2,0,1,0,12,1,1,1,1,,0,0,0,0,0,0,0
6556515840,winixya1,#mf#winixya#,2026-02-17 16:49:02,59,2,0,0,2026-02-17 16:49:38,2026-02-20 05:28:20,10,1,9,0,0,3,1,0,0,0,1,1,1,1,,0,0,0,0,0,0,0
6561904974,diana_ssss6,Ğ´Ğ¸ÑˆĞºĞ°,2026-02-18 11:59:09,0,0,0,0,,,0,0,0,0,0,0,0,0,0,0,1,1,1,1,,0,0,0,0,0,0,0
6574241789,TeIlsis,TeIls,2026-02-17 15:33:26,0,0,0,0,2026-02-19 09:52:36,2026-02-19 22:05:11,5,1,4,1,1,3,0,1,0,13,1,1,1,1,,0,0,0,0,0,0,0
6583473756,Semen777666,Ğ¡ĞµĞ¼Ñ‘Ğ½,2026-02-18 04:17:23,4,0,0,0,,,0,0,0,1,0,0,0,0,0,5,1,1,1,1,,0,0,0,0,0,0,0
6595107315,mhifvx,ĞœĞ°ÑÑĞ½Ñ,2026-02-17 16:19:24,0,1,205,0,2026-02-19 14:35:41,2026-02-17 17:09:47,4,0,4,1,0,3,0,0,0,0,1,1,1,1,,0,0,0,0,0,0,0
6611137153,kotkotet,ĞĞ½Ğ½Ğ°,2026-02-18 11:56:48,164,1,0,0,2026-02-18 12:01:52,2026-02-18 18:14:51,3,0,3,0,0,1,0,1,0,0,1,1,1,1,,0,0,0,0,0,0,0
6640197679,hadl4a,Ñ…á´€Ğ´Ğ¸ğŸ“ğŸª­ #ÑĞºĞ·Ğ¾Ñ‚Ğ¸ĞºĞ°,2026-02-17 14:05:04,104,0,0,0,2026-02-17 14:05:23,2026-02-18 11:08:00,3,1,2,5,0,0,0,0,0,0,1,1,1,1,,0,0,0,0,0,0,0
6664537166,zenixcor,zeniks|Ducka,2026-02-17 14:42:41,0,0,0,0,,,0,0,0,0,0,0,0,0,0,0,1,1,1,1,,0,0,0,0,0,0,0
6701901964,maximswimming,MaĞºÑĞ¾Ğ½Ñ‡Ğ¸Ğº,2026-02-18 12:00:07,4,1,0,0,2026-02-18 12:01:38,2026-02-18 12:02:08,1,1,0,1,0,1,0,0,0,5,1,1,1,1,,0,0,0,0,0,0,0
6753821020,l1mpo1,ğŸ‡°ğŸ‡¬Ğ¼Ğ°ĞºÑÑƒĞ¼ğŸ‡·ğŸ‡º,2026-02-17 16:05:37,6,0,0,0,2026-02-18 14:28:05,2026-02-19 03:25:48,10,4,6,4,2,4,0,0,0,21,1,1,1,1,,0,0,0,0,0,0,0
6862605053,Emptqg,katanaÂ²â´Â¹,2026-02-17 21:45:22,9,1,0,0,2026-02-19 14:44:21,2026-02-17 22:37:51,1,0,1,1,0,3,0,0,0,0,1,1,1,1,,0,0,0,0,0,0,0
6866205025,weemdDkk,ğ–œğ–Šğ–Šğ–’ğ–‰ğ–‰ğ–ğ– ğŸŒ’,2026-02-19 15:07:05,4,0,0,0,,,0,0,0,1,0,0,0,0,0,5,1,1,1,1,,0,0,0,0,0,0,0
6874883550,litanygrace,â†“ğŸ¦¡ğŸ’€ğ¿ğ´ğ¼ğ‘‡ğ‘‚ğ‘ğŸ¥‹â›¸ï¸â†“,2026-02-18 14:19:38,10,0,0,0,2026-02-19 14:24:46,2026-02-19 14:27:41,2,0,2,0,0,0,0,1,0,0,1,1,1,1,,0,0,0,0,0,0,0
6911967264,,ĞĞ¸ĞºĞ¸Ñ‚Ğ°,2026-02-18 11:57:41,0,0,0,0,,,0,0,0,0,0,0,0,0,0,0,1,1,1,1,,0,0,0,0,0,0,0
6923361625,kenwyxxx_x,Ğ»Ğ¸Ğ·ÑƒÑˆĞ°,2026-02-18 14:50:17,0,0,0,0,2026-02-18 14:50:33,,0,0,0,0,0,2,0,0,0,0,1,1,1,1,,0,0,0,0,0,0,0
6943282083,FFJSAM,Derop,2026-02-18 20:01:46,13,0,0,0,2026-02-18 20:01:56,,0,0,0,0,0,0,0,0,0,0,1,1,1,1,,0,0,0,0,0,0,0
6959797706,Sinaladelin,Asya. #wlw #CrystalCastles #KSB,2026-02-18 04:34:13,4,1,0,0,,2026-02-18 13:56:43,1,0,1,0,0,0,0,2,0,0,1,1,1,1,,0,0,0,0,0,0,0
7018748383,TheKaramessiConfing,TheKaramessiConfing | 60+ reviews | fp,2026-02-18 03:01:37,123,1,0,0,2026-02-18 03:54:26,2026-02-19 05:22:06,13,4,9,2,1,8,0,1,0,16,1,1,1,1,,0,2,0,0,0,0,0
7019317562,leddinn,ğŸ’ #samuraipro,2026-02-17 16:51:52,7,0,0,0,2026-02-17 16:52:09,2026-02-18 09:51:14,1,1,0,0,0,0,0,0,0,0,1,1,1,1,,0,0,0,0,0,0,0
7135478254,BukToR_ssw,ãƒ“ã‚¯ã‚¿ãƒ¼,2026-02-17 20:21:42,11,0,0,0,,2026-02-17 20:26:51,1,0,1,1,0,0,0,0,0,0,1,1,1,1,,0,0,0,0,0,0,0
7136158728,chirik42,chirik,2026-02-18 11:57:13,0,0,0,0,,,0,0,0,0,0,0,0,0,0,0,1,1,1,1,,0,0,0,0,0,0,0
7171243495,emiqx,ÑĞ¼Ğ¼Ğ°,2026-02-17 16:15:39,48,0,0,0,2026-02-18 18:27:47,2026-02-17 17:19:09,2,0,2,0,0,0,0,0,0,0,1,1,1,1,,0,0,0,0,0,0,0
7183033575,qxaszwa,.,2026-02-17 19:33:28,152,2,30,0,2026-02-18 20:22:30,2026-02-19 19:48:09,14,2,12,3,7,16,1,2,0,41,1,1,1,1,,0,0,0,0,0,0,0
7263902978,Emtqu,Artful | ??? #dilik #tpk #bliss,2026-02-17 22:49:12,3,0,0,0,2026-02-17 22:49:14,,0,0,0,1,0,0,0,0,0,0,1,1,1,1,,0,0,0,0,0,0,0
7292396041,Dixxkezz,ã…¤ ã…¤ğ““ğ“²ğ”ğ”ğ“´ğ“® â€¦ğŸ«€,2026-02-17 17:17:28,8,0,0,0,2026-02-17 17:17:50,2026-02-17 17:19:26,1,0,1,3,1,1,0,0,0,5,1,1,1,1,,0,0,0,0,0,0,0
7304304243,daser_21,Daser,2026-02-17 19:51:14,8,0,0,0,2026-02-17 20:23:24,,0,0,0,2,1,6,0,0,0,0,1,1,1,1,,0,0,0,0,0,0,0
7318592443,Genady2014,melon x,2026-02-17 19:31:04,70,1,205,0,2026-02-18 20:21:01,2026-02-20 05:07:29,10,1,9,0,0,2,0,1,0,10,1,1,1,1,,0,0,0,0,0,0,0
7343462508,HA451H,ğŸ›¸,2026-02-17 14:08:06,24,1,150,0,2026-02-19 05:12:57,2026-02-19 14:30:32,8,1,7,3,1,1,0,2,0,2,1,1,1,1,,0,0,0,0,0,0,0
7418034892,holixzw,?,2026-02-18 11:59:44,0,0,0,0,2026-02-18 11:59:51,2026-02-18 12:00:11,1,0,1,0,1,0,0,1,0,0,1,1,1,1,,0,0,0,0,0,0,0
7447338476,dikk1antik,Ğ”Ğ¸Ğº Ğº|Ğ°Ğ½Ñ‚,2026-02-18 12:20:47,0,0,0,0,2026-02-18 12:21:14,2026-02-18 12:21:45,1,1,0,0,2,1,0,0,0,0,1,1,1,1,,0,0,0,0,0,0,0
7486217472,,á… ,2026-02-17 13:41:11,7,0,0,0,2026-02-17 13:43:51,2026-02-17 16:44:20,3,1,2,2,0,0,0,0,0,0,1,1,1,1,,0,0,0,0,0,0,0
7551126676,explozivow,Wixthor #WixthoRLove,2026-02-17 17:40:46,0,0,0,0,2026-02-17 17:40:53,,0,0,0,0,0,1,0,0,0,0,1,1,1,1,,0,0,0,0,0,0,0
7611360638,Denis3486,Ğ”ĞµĞ½Ğ¸Ñ,2026-02-18 14:49:43,0,0,0,0,,,0,0,0,0,0,0,0,0,0,0,1,1,1,1,,0,0,0,0,0,0,0
7634852823,Sglypa_grib,Ğ¡Ğ³Ğ»Ñ‹Ğ¿Ğ°_Mopssz#sm,2026-02-17 14:00:07,6,0,0,0,2026-02-17 14:00:43,2026-02-17 20:28:11,4,2,2,1,3,3,0,1,0,0,1,1,1,1,,0,0,0,0,0,0,0
7655761426,NER_YT,NER_YT,2026-02-18 11:58:07,7,0,0,0,2026-02-18 12:00:10,2026-02-18 11:59:43,1,0,1,0,0,1,0,1,0,0,1,1,1,1,,0,0,0,0,0,0,0
7676139435,popov_miroslav1,Miroslav,2026-02-18 11:59:26,11,1,0,0,,,0,0,0,0,0,0,0,0,0,0,1,1,1,1,,0,0,0,0,0,0,0
7691231682,ZerotwoweeksI,Zenkağ™š,2026-02-18 12:16:59,0,0,0,0,,,0,0,0,0,0,0,0,0,0,0,1,1,1,1,,0,0,0,0,0,0,0
7726000595,kowayu,#ÑĞ½ÑĞ»Ñ†ĞµĞ¿Ğ¸_kowauy,2026-02-18 12:11:02,0,0,0,0,,2026-02-18 12:11:29,1,0,1,0,0,0,0,0,0,0,1,1,1,1,,0,0,0,0,0,0,0
7733835341,kv2ntum,Kev1n,2026-02-17 13:44:36,4,0,0,0,,,0,0,0,1,0,0,0,0,0,0,1,1,1,1,,0,0,0,0,0,0,0
7777268195,KISSA_360,Õ„Õ«Õ·Õ¥Õ¬Õ¯,2026-02-17 16:45:21,35,0,0,0,2026-02-19 14:41:29,2026-02-17 17:03:33,2,0,2,0,0,1,0,2,0,0,1,1,1,1,,0,0,0,0,0,0,0
7796851001,Yakrytvashe,ĞÑ€Ñ‚Ñ‘Ğ¼Ñ‡Ğº,2026-02-17 16:42:04,10,1,0,0,2026-02-19 13:49:19,2026-02-19 13:49:25,8,1,7,0,1,2,0,0,0,0,1,1,1,1,,0,0,0,0,0,0,0
7799208211,elunkysss,Ğ»Ğ¸Ğ½Ğ°,2026-02-18 11:56:39,39,0,0,0,2026-02-18 11:56:47,,0,0,0,0,0,2,0,1,0,0,1,1,1,1,,0,0,0,0,0,0,0
7832778888,Miss_Julikaa,julikaa#mf#Æ™É±,2026-02-18 07:25:38,15,0,0,0,2026-02-18 07:26:36,,0,0,0,0,0,0,0,0,0,0,1,1,1,1,,0,0,0,0,0,0,0
7838081729,zkffl,Ğµ,2026-02-18 06:53:01,0,0,0,0,,,0,0,0,1,0,0,0,0,0,0,1,1,1,1,,0,0,0,0,0,0,0
7872610217,GhostaUi,ã…¤ã…¤.ã…¤,2026-02-17 17:02:24,0,1,410,0,2026-02-19 05:42:00,2026-02-19 05:42:06,6,0,6,1,0,1,0,1,0,2,1,1,1,1,,0,0,0,0,0,0,0
7894487660,The_Grey_Cardinal_2,â™§á´·áµ˜Ê³áµ’áµáµƒË¢Ê°áµáµƒğ“Ÿğ“Ÿâ™§^áª²áª²,2026-02-18 11:58:24,0,0,0,0,,2026-02-18 11:58:37,1,0,1,0,0,0,0,0,0,0,1,1,1,1,,0,0,0,0,0,0,0
8010975354,had14a,ğ’³ ğŸ“,2026-02-17 14:06:36,4,0,0,0,2026-02-17 14:06:59,2026-02-17 21:17:06,2,1,1,5,0,0,0,1,0,0,1,1,1,1,,0,0,0,0,0,0,0
8015807961,userkynakin,Kynakin,2026-02-18 12:20:07,0,0,0,0,,,0,0,0,0,0,0,0,0,0,0,1,1,1,1,,0,0,0,0,0,0,0
8020366330,Nigamatyanov_702,Edinstvenâ€¢SV,2026-02-18 15:27:51,0,0,0,0,2026-02-18 15:28:08,2026-02-18 15:28:42,1,0,1,0,1,2,0,1,0,0,1,1,1,1,,0,0,0,0,0,0,0
8049077873,wali4ek,ext / Wali4ek,2026-02-17 21:34:46,2,0,0,0,2026-02-17 21:35:00,2026-02-18 14:41:52,2,0,2,0,0,0,0,0,0,0,1,1,1,1,,0,0,0,0,0,0,0
8053968584,,ğ”‡ğ”¯ğ”¢ğ”ğ”ª ğ”¬ğ”«,2026-02-17 16:56:22,16,0,0,0,2026-02-17 16:57:37,,0,0,0,4,0,2,0,0,0,0,1,1,1,1,,0,0,0,0,0,0,0
8061702100,cnepi,WKS | Tom,2026-02-18 19:37:08,4,0,0,0,2026-02-18 19:37:26,2026-02-18 19:38:58,1,0,1,1,0,2,0,0,0,5,1,1,1,1,,0,0,0,0,0,0,0
8083303833,mkr_km,â²—Ï…â²â²,2026-02-17 13:40:37,515,1,0,0,2026-02-19 19:49:24,2026-02-19 22:17:44,22,3,19,11,7,10,1,5,0,25,1,1,1,1,,0,0,0,0,0,0,0
8087905399,klikilikl,á… á… á… á… á¶ áµ‰áµƒÊ³á¶«áµ‰Ë¢Ë¢,2026-02-17 13:46:23,11,1,410,0,2026-02-19 03:09:41,2026-02-17 16:44:25,1,0,1,3,0,0,0,0,0,0,1,1,1,1,,0,0,0,0,0,0,0
8103795722,Makasim_user,Makasim,2026-02-17 18:56:15,0,7,0,0,2026-02-19 04:27:40,2026-02-19 13:55:00,13,0,13,1,23,51,0,0,0,77,2,2,2,2,,0,0,0,0,0,0,0
8127013147,XzzzzzzzXzzzzzzzX,Malboro,2026-02-17 13:34:24,10800,1032,1027909,0,2026-02-19 20:01:37,2026-02-19 23:20:28,28,6,22,5,3,8,0,0,0,41,100,7,5,5,,0,3,0,0,0,0,0
8165325371,Mar1i1sha,â„³ğ’¶ğ“‡ğ’¾,2026-02-17 14:50:16,0,0,0,0,2026-02-17 14:50:28,,0,0,0,1,0,0,0,0,0,5,1,1,1,1,,0,0,0,0,0,0,0
8177342655,oxxfly,Greeendevald,2026-02-17 14:24:08,176,1,0,0,,2026-02-18 22:44:02,7,0,7,1,0,0,0,0,0,0,1,1,1,1,,0,2,0,0,0,0,0
8222721630,zlutazxa,@zlatuxxa,2026-02-17 16:07:12,0,0,0,0,,,0,0,0,4,0,0,0,0,0,0,1,1,1,1,,0,0,0,0,0,0,0
8248163090,killhaha,???,2026-02-18 03:53:31,5,0,0,0,2026-02-18 03:53:37,,0,0,0,0,0,0,0,0,0,0,1,1,1,1,,0,0,0,0,0,0,0
8297746600,frostMode,Ğ¢Ê™Ğ¸Ğ½á´‹á´Ê™Ñ‹Ğ¹ #Ğ¡á´Ñ†Ğ˜Ğ½Ğ¶á´‡Ğ½á´‡á´©Ğ¸Ñ,2026-02-18 14:51:24,0,0,0,0,2026-02-18 14:51:40,2026-02-18 22:32:53,2,0,2,0,0,0,0,0,0,0,1,1,1,1,,0,0,0,0,0,0,0
8300389619,Candy_015,Ğ­Ğ²ĞµĞ»Ğ¸Ğ½Ğ°,2026-02-17 13:52:31,258,0,0,0,2026-02-20 06:58:36,2026-02-20 05:55:35,8,2,6,2,2,1,0,4,0,35,1,1,1,1,,0,3,0,0,0,0,0
8314483469,hshxhxhzwhs,.,2026-02-19 15:06:56,0,0,0,0,,,0,0,0,0,0,0,0,0,0,0,1,1,1,1,,0,0,0,0,0,0,0
8333189642,lflfllofkc,.,2026-02-17 13:41:41,15,0,0,0,2026-02-19 13:53:01,2026-02-19 13:55:48,1,0,1,2,0,2,0,0,0,0,1,1,1,1,,0,0,0,0,0,0,0
8377209652,Mu33tazel,"ØŒ Non ,",2026-02-18 03:34:33,0,0,0,0,,,0,0,0,0,0,0,0,0,0,0,1,1,1,1,,0,0,0,0,0,0,0
8378219261,,ğŸ¥·ğŸ»,2026-02-17 17:49:29,209,1,0,0,2026-02-18 18:47:55,2026-02-19 11:44:49,11,2,9,1,0,0,0,1,0,6,1,1,1,1,,0,0,0,0,0,0,0
8380797209,gfhgfhcc,Ğ‘ÑƒĞºĞ²Ğ° Ğ,2026-02-18 20:00:45,2,0,0,0,2026-02-18 20:00:54,2026-02-19 12:49:00,2,1,1,0,0,0,0,0,0,10,1,1,1,1,,0,0,0,0,0,0,0
8408235306,Sahar_gay,DOYTO 2.0,2026-02-17 13:41:32,14,0,0,0,2026-02-17 13:41:59,,0,0,0,2,0,1,0,5,0,5,1,1,1,1,,0,0,0,0,0,0,0
8413841045,s1lent_m00d,á…  ï¸ ï¸ ï¸ ï¸Â á…  ï¸ ï¸ ï¸ ï¸Â á… ,2026-02-17 16:25:52,100,7,30,0,2026-02-19 21:38:48,2026-02-19 22:41:24,32,3,29,2,8,41,0,0,0,18,2,2,2,2,,0,2,0,0,0,0,0
8415840362,Artemseka,ĞÑ€Ñ‚ĞµĞ¼,2026-02-18 06:11:37,52,1,0,0,2026-02-18 06:11:52,2026-02-19 11:46:24,3,0,3,1,1,6,0,1,0,3,1,1,1,1,,0,0,0,0,0,0,0
8419237645,LeonchikXD,Leon,2026-02-17 14:57:35,0,1,0,0,2026-02-19 06:40:38,2026-02-19 06:40:43,4,0,4,3,2,8,0,1,0,4,1,1,1,1,,0,0,0,0,0,0,0
8496352905,,ğŸ,2026-02-17 17:17:39,0,3,50,0,2026-02-18 18:47:33,2026-02-19 05:21:21,11,3,8,4,0,3,2,16,0,5,1,1,1,1,,0,0,0,0,0,0,0
8545219005,karinavzx,karinağŸ‡,2026-02-18 12:04:03,30,1,0,0,2026-02-18 12:04:29,2026-02-18 12:07:31,1,0,1,2,0,0,0,0,0,0,1,1,1,1,,0,0,0,0,0,0,0
8560788025,abobus1664,ğŸ€,2026-02-17 17:10:54,257,3,0,0,2026-02-18 17:39:05,2026-02-19 13:50:49,17,7,10,5,0,0,2,0,0,22,1,1,1,1,,0,0,0,0,0,0,0
8576967291,Olinka_6,âœ¿â²â²—Ñâ²±â²•â²âœ¿,2026-02-19 07:56:29,22,0,0,0,2026-02-19 07:58:42,2026-02-20 00:32:08,11,3,8,0,0,0,0,0,0,36,1,1,1,1,,0,0,0,0,0,0,0
8579276360,,,,0,0,0,210,,,0,0,0,0,0,0,0,0,0,0,1,1,1,1,,0,0,0,0,0,0,0
8580200669,GGNaXYQ,"Ğ“ÑƒÑÑŒ ""ĞĞ»ĞµĞ³"" #bliss",2026-02-17 17:44:32,94,2,120,0,2026-02-19 20:47:57,2026-02-19 23:56:50,14,3,11,1,0,7,1,1,0,13,1,1,1,1,,0,2,0,0,0,0,0
